DIEM_QUAN_TRAC,XA,HUYEN,NHIET_DO,PH,DO,DO_MAN,DO_TRONG,DO_KIEM,NO2,NO3,NH4,PO43,COD,VIBRIO_TONG_SO_CFU_ML,VIBRIO_PARAHAEMOLYTICUS_CFU_ML,VIBRIO_LOG,NAM,THANG,NGAY,LABEL_VIBRIO_RISK,LABEL_VIBRIO_LEVEL,LABEL_MOI_TRUONG_TOM,LABEL_TAO_THUC_AN
Sông Cái Ngay,Hàng Vịnh,Năm Căn,27,8.2,3.0,23,25,168.0,0.036,0.3,0.5,0.22,10.4,68.0,0.9,4.23410650459726,2023,8,16,1,1,1,2
Sông Rạch Tàu,Đất Mũi ,Ngọc Hiển,28,7.5,4.5,24,25,172.0,0.123,0.2,1.26,0.308,11.2,0.9,0.9,0.6418538861723948,2022,11,22,0,0,2,2
Sông Rạch Tàu,Đất Mũi ,Ngọc Hiển,27,7.6,4.0,26,25,116.0,0.0,0.0,0.65,0.0,10.0,450.0,9.9,6.111467339502679,2025,8,21,2,2,2,1
Sông Cửa Lớn,TT. Năm Căn,Năm Căn,28,8.2,4.0,21,20,119.0,0.02,0.58,1.16,0.0,25.0,9.9,9.9,2.388762789235098,2023,9,21,0,0,2,1
Sông Rạch Tàu,Đất Mũi ,Ngọc Hiển,27,7.3,5.0,24,25,129.0,0.0,0.74,0.14,0.08,19.0,320.0,9.9,5.771441123130016,2025,4,9,1,1,2,2
Sông Cửa Lớn ,Lâm Hải ,Năm Căn,28,7.9,4.0,25,20,110.0,0.004,0.184,0.241,0.0,11.5,0.9,0.9,0.6418538861723948,2022,8,11,0,0,2,1
Sông Cửa Lớn ,Lâm Hải ,Năm Căn,29,8.4,4.0,21,15,132.0,0.0,0.73,1.24,0.07,17.0,160.0,9.9,5.081404364984463,2023,9,14,1,1,1,2
Sông Rạch Tàu,Đất Mũi ,Ngọc Hiển,28,8.2,4.0,28,35,147.0,0.06,0.74,0.14,0.0,17.0,700.0,9.9,6.55250788703459,2025,7,24,2,2,2,2
Sông Rạch Tàu,Sông Rạch Tàu,Ngọc Hiển,29,7.7,4.0,26,20,106.0,0.02,0.24,0.62,0.39,17.9,0.9,0.9,0.6418538861723948,2023,7,12,0,0,2,2
Sông Cái Ngay,Hàng Vịnh,Năm Căn,28,8.2,3.0,21,20,83.0,0.17,0.94,0.71,0.43,25.0,9.9,9.9,2.388762789235098,2023,10,19,0,0,1,2
Sông Cửa Lớn,TT. Năm Căn,Năm Căn,28,7.3,4.5,19,25,77.0,0.0,0.61,0.8,0.12,25.0,20.0,9.9,3.044522437723423,2023,9,7,0,0,1,2
Sông Nhưng Miên,Viên An Đông ,Ngọc Hiển,28,8.2,5.0,29,30,151.0,0.71,1.65,0.0,0.3,17.0,14000.0,9.9,9.546884034617923,2025,7,8,2,2,2,2
Sông Rạch Gốc,Tân Ân ,Ngọc Hiển,27,8.1,3.0,21,15,143.0,0.02,0.58,0.98,0.0,26.0,10.0,9.9,2.3978952727983707,2023,9,21,0,0,1,1
Sông Cửa Lớn,TT. Năm Căn,Năm Căn,28,7.7,4.0,22,20,119.0,0.102,0.183,0.49,0.06,9.86,15.0,0.9,2.772588722239781,2022,11,1,0,0,2,2
Sông Rạch Gốc,Tân Ân ,Ngọc Hiển,28,8.2,3.0,24,15,154.0,0.77,0.57,2.11,0.28,38.4,290.0,60.0,5.673323267171493,2022,8,30,1,1,0,2
Sông Rạch Gốc,Tân Ân ,Ngọc Hiển,29,7.8,4.0,25,15,112.0,0.004,0.281,0.256,0.0,11.2,0.9,0.9,0.6418538861723948,2022,8,11,0,0,2,1
Sông Cửa Lớn,TT. Năm Căn,Năm Căn,26,7.0,4.0,14,15,118.0,0.27,0.277,1.09,0.031,19.2,8200.0,0.9,9.012011377036412,2024,9,19,2,2,1,2
Sông Cửa Lớn ,Lâm Hải ,Năm Căn,28,8.2,4.0,24,15,140.0,0.665,0.73,1.79,0.23,38.1,1600.0,75.0,7.378383712996714,2022,8,30,2,2,1,2
Sông Nhưng Miên,Viên An Đông ,Ngọc Hiển,27,7.2,5.0,17,20,127.0,0.035,0.402,0.256,0.101,17.6,6000.0,0.9,8.699681400989514,2024,9,5,2,2,2,2
Sông Cửa Lớn ,Lâm Hải ,Năm Căn,28,7.5,3.0,23,15,133.0,0.188,0.16,0.31,0.16,13.8,0.9,0.9,0.6418538861723948,2022,9,13,0,0,1,2
Sông Nhưng Miên,Viên An Đông ,Ngọc Hiển,30,8.1,4.0,27,15,97.7,0.013,0.329,1.33,0.052,11.7,9000.0,0.9,9.105090961257083,2024,6,27,2,2,1,2
Sông Cửa Lớn ,Lâm Hải ,Năm Căn,29,7.9,4.5,26,25,131.0,0.264,0.37,0.47,0.2,9.6,0.9,0.9,0.6418538861723948,2022,8,2,0,0,1,2
Sông Cửa Lớn,TT. Năm Căn,Năm Căn,27,7.8,5.0,27,30,179.0,0.11,0.95,0.08,0.0,18.0,32000.0,9.9,10.373522431293592,2025,7,24,2,2,2,2
Sông Rạch Tàu,Đất Mũi ,Ngọc Hiển,28,7.6,4.0,26,20,121.0,0.01,0.12,0.28,0.16,6.51,0.9,0.9,0.6418538861723948,2022,7,5,0,0,2,2
Sông Cái Ngay,Hàng Vịnh,Năm Căn,27,7.9,4.0,24,20,104.0,0.044,0.428,0.441,0.0,9.93,61000.0,0.9,11.0186455364637,2024,7,4,2,2,2,1
Sông Cửa Lớn ,Lâm Hải ,Năm Căn,28,7.8,4.0,25,15,109.0,0.01,0.1,0.34,0.14,7.32,0.9,0.9,0.6418538861723948,2022,7,5,0,0,1,2
Sông Cửa Lớn,TT. Năm Căn,Năm Căn,27,7.9,5.0,17,25,114.0,0.08,0.464,0.443,0.0,9.44,9000.0,0.9,9.105090961257083,2024,8,15,2,2,2,2
Sông Rạch Tàu,Đất Mũi ,Ngọc Hiển,28,7.8,4.0,24,25,112.0,0.095,0.216,0.51,0.07,9.86,0.9,0.9,0.6418538861723948,2022,11,1,0,0,2,2
Sông Cửa Lớn ,Lâm Hải ,Năm Căn,29,7.4,4.0,19,15,129.0,0.12,0.54,1.2,0.22,28.0,720.0,9.9,6.580639137284949,2023,10,5,2,2,1,2
Sông Cái Ngay,Hàng Vịnh,Năm Căn,28,8.2,4.0,23,25,138.0,0.394,0.13,0.3,0.16,13.7,0.9,0.9,0.6418538861723948,2022,8,23,0,0,2,2
Sông Cái Ngay,Hàng Vịnh,Năm Căn,27,7.8,4.0,25,25,108.0,0.279,0.24,1.15,0.15,7.14,0.9,0.9,0.6418538861723948,2022,7,19,0,0,1,2
Sông Cái Ngay,Hàng Vịnh,Năm Căn,27,7.8,3.0,23,25,122.0,0.031,0.152,0.767,0.025,10.7,810000.0,0.9,13.60479076121576,2024,7,11,2,2,1,2
Sông Nhưng Miên,Viên An Đông ,Ngọc Hiển,28,7.6,4.0,24,20,145.0,0.88,2.02,1.14,0.2,26.0,9.9,9.9,2.388762789235098,2023,6,29,0,0,1,1
Sông Cửa Lớn ,Lâm Hải ,Năm Căn,28,7.7,3.5,19,15,90.2,0.097,0.176,1.18,0.128,19.0,24000.0,0.9,10.085850775128716,2024,8,1,2,2,1,2
Sông Cái Ngay,Hàng Vịnh,Năm Căn,29,7.8,4.0,22,25,135.0,0.172,0.14,0.33,0.18,15.5,0.9,0.9,0.6418538861723948,2022,9,13,0,0,2,2
Sông Cái Ngay,Hàng Vịnh,Năm Căn,28,7.9,4.0,20,20,123.0,0.0,0.79,0.8,0.24,25.0,150.0,9.9,5.017279836814924,2023,7,13,1,1,2,2
Sông Rạch Gốc,Tân Ân ,Ngọc Hiển,27,7.8,5.0,26,25,118.0,0.0,0.0,0.67,0.06,11.0,520.0,9.9,6.255750041753367,2025,8,21,2,2,2,2
Sông Rạch Gốc,Tân Ân ,Ngọc Hiển,28,7.6,3.5,21,15,104.0,0.15,1.16,1.94,0.0,26.0,11000.0,9.9,9.305741456739437,2023,7,27,2,2,1,1
Sông Cửa Lớn ,Lâm Hải ,Năm Căn,28,8.3,4.0,18,20,116.0,0.173,0.389,0.874,0.051,19.0,7000.0,0.9,8.853808274977197,2024,11,6,2,2,2,2
Sông Cái Ngay,Hàng Vịnh,Năm Căn,27,7.8,4.5,24,25,116.0,0.117,0.17,0.11,0.07,10.5,12.0,0.9,2.5649493574615367,2022,11,1,0,0,2,2
Sông Cái Ngay,Hàng Vịnh,Năm Căn,27,7.7,5.0,21,25,92.7,0.243,0.39,0.767,0.038,24.6,15000.0,0.9,9.61587214452889,2024,7,18,2,2,2,2
Sông Rạch Gốc,Tân Ân ,Ngọc Hiển,28,7.5,5.0,20,15,109.0,0.377,0.497,1.43,0.098,285.0,61000.0,0.9,11.0186455364637,2024,10,17,2,2,1,2
Sông Cửa Lớn ,Lâm Hải ,Năm Căn,28,7.8,3.0,19,10,122.0,0.03,0.57,1.42,0.08,22.0,80.0,9.9,4.394449154672439,2023,10,26,1,1,1,2
Sông Cửa Lớn,TT. Năm Căn,Năm Căn,27,8.4,3.5,20,20,112.0,0.1,0.83,0.77,0.0,20.0,140.0,9.9,4.948759890378168,2023,8,3,1,1,1,1
Sông Rạch Tàu,Đất Mũi ,Ngọc Hiển,29,8.0,5.0,24,20,103.0,0.111,0.245,0.606,0.052,25.3,36000.0,0.9,10.491301994830229,2024,12,6,2,2,2,2
Sông Nhưng Miên,Viên An Đông ,Ngọc Hiển,29,7.9,4.0,19,25,133.0,0.015,0.422,0.431,0.0,10.3,66000.0,0.9,11.097425172408933,2024,8,15,2,2,2,2
Sông Cái Ngay,Hàng Vịnh,Năm Căn,26,7.3,4.0,24,25,115.0,0.0,0.76,0.0,0.1,14.0,1300.0,9.9,7.170888478512505,2025,8,28,2,2,2,2
Sông Cửa Lớn ,Lâm Hải ,Năm Căn,28,7.8,5.0,21,15,117.0,0.036,0.11,0.724,0.023,10.6,240000.0,0.9,12.388398368982116,2024,7,11,2,2,1,1
Sông Rạch Gốc,Tân Ân ,Ngọc Hiển,29,8.0,3.5,29,15,104.0,0.021,0.326,1.35,0.053,9.6,9200.0,0.9,9.12706745278236,2024,6,27,2,2,1,2
Sông Rạch Gốc,Tân Ân ,Ngọc Hiển,30,8.0,4.0,30,20,125.0,0.0,0.87,0.27,0.0,28.0,180.0,9.9,5.198497031265826,2023,6,8,1,1,2,1
Sông Cửa Lớn ,Lâm Hải ,Năm Căn,27,7.0,5.0,18,25,106.0,0.29,0.39,1.35,0.039,27.8,16000.0,0.9,9.680406499268877,2024,8,29,2,2,1,2
Sông Cái Ngay,Hàng Vịnh,Năm Căn,26,7.3,5.0,23,35,122.0,0.09,1.03,0.0,0.09,18.0,1100.0,9.9,7.00397413672268,2025,9,19,2,2,2,2
Sông Nhưng Miên,Viên An Đông ,Ngọc Hiển,28,8.5,5.0,26,35,125.0,0.03,0.94,0.18,0.07,19.0,1400.0,9.9,7.244941546337007,2025,11,9,2,2,2,2
Sông Rạch Tàu,Đất Mũi ,Ngọc Hiển,26,6.9,5.0,16,20,124.0,0.259,0.399,1.73,0.061,14.8,1800.0,0.9,7.496097345175956,2024,9,26,2,2,1,2
Sông Rạch Gốc,Tân Ân ,Ngọc Hiển,28,7.7,3.0,24,20,138.0,0.155,0.17,0.29,0.16,13.8,0.9,0.9,0.6418538861723948,2022,9,13,0,0,2,2
Sông Cửa Lớn,TT. Năm Căn,Năm Căn,27,7.5,4.0,18,20,122.0,0.11,1.1,0.49,0.0,25.0,660.0,9.9,6.493753839851687,2023,7,27,2,2,2,1
Sông Rạch Gốc,Tân Ân ,Ngọc Hiển,28,8.0,3.0,27,20,104.0,0.013,0.59,0.71,0.027,9.27,4000.0,0.9,8.294299608857235,2024,7,4,2,2,1,1
Sông Rạch Tàu,Đất Mũi ,Ngọc Hiển,28,7.9,4.0,30,25,115.0,0.0,0.86,0.25,0.0,24.0,90.0,9.9,4.51085950651685,2023,6,8,1,1,2,2
Sông Cái Ngay,Hàng Vịnh,Năm Căn,29,8.0,4.0,25,25,125.0,0.301,0.41,0.13,0.06,8.95,54.0,0.9,4.007333185232471,2022,8,2,1,1,2,2
Sông Nhưng Miên,Viên An Đông ,Ngọc Hiển,30,7.8,4.0,20,20,112.0,0.03,0.57,0.99,0.06,16.0,9.9,9.9,2.388762789235098,2023,11,9,0,0,2,2
Sông Rạch Gốc,Tân Ân ,Ngọc Hiển,29,8.1,3.5,33,20,127.0,0.019,0.134,0.448,0.262,4.56,180000.0,0.9,12.100717685412471,2024,6,13,2,2,1,2
Sông Cửa Lớn,TT. Năm Căn,Năm Căn,28,8.0,4.0,15,20,108.0,0.311,0.646,0.967,0.074,29.6,120000.0,0.9,11.695255355062796,2024,10,24,2,2,1,2
Sông Nhưng Miên,Viên An Đông ,Ngọc Hiển,30,8.0,5.0,22,20,92.2,0.098,0.28,0.843,0.122,27.2,8000.0,0.9,8.987321812850125,2024,8,1,2,2,2,2
Sông Rạch Tàu,Đất Mũi ,Ngọc Hiển,28,7.7,4.0,26,20,111.0,0.219,0.14,0.89,0.15,10.3,18.0,0.9,2.9444389791664403,2022,7,19,0,0,2,2
Sông Rạch Tàu,Đất Mũi ,Ngọc Hiển,28,7.8,5.0,27,25,101.0,0.016,0.38,1.31,0.0,9.27,7900.0,0.9,8.974744612722734,2024,6,27,2,2,2,2
Sông Cửa Lớn ,Lâm Hải ,Năm Căn,29,8.0,5.0,25,25,120.0,0.231,0.3,0.25,0.09,9.44,54.0,0.9,4.007333185232471,2022,10,18,1,1,2,2
Sông Rạch Tàu,Đất Mũi ,Ngọc Hiển,30,8.4,4.0,21,20,130.0,0.04,0.61,1.55,0.07,25.0,9.9,9.9,2.388762789235098,2023,11,2,0,0,2,2
Sông Nhưng Miên,Viên An Đông ,Ngọc Hiển,28,8.3,4.0,33,25,124.0,0.016,0.098,0.287,0.14,5.04,130000.0,0.9,11.775297421715829,2024,6,13,2,2,2,2
Sông Rạch Tàu,Đất Mũi ,Ngọc Hiển,29,8.0,3.5,22,20,142.0,0.16,1.07,1.51,0.46,25.0,9.9,9.9,2.388762789235098,2023,7,13,0,0,1,2
Sông Rạch Gốc,Tân Ân ,Ngọc Hiển,28,7.9,4.0,26,15,127.0,0.333,0.24,0.5,0.16,7.65,0.9,0.9,0.6418538861723948,2022,8,2,0,0,1,2
Sông Cửa Lớn ,Lâm Hải ,Năm Căn,29,7.5,4.5,15,25,101.0,0.314,0.245,2.39,0.037,23.6,510000.0,0.9,13.1421679654829,2024,8,21,2,2,1,2
Sông Cửa Lớn,TT. Năm Căn,Năm Căn,28,8.0,3.0,14,20,114.0,0.269,0.758,1.8,0.081,24.2,8800.0,0.9,9.082620630373812,2024,10,17,2,2,1,2
Sông Rạch Gốc,Tân Ân ,Ngọc Hiển,29,8.5,4.5,22,15,75.0,0.29,1.12,1.48,0.25,20.0,9.9,9.9,2.388762789235098,2023,9,14,0,0,1,2
Sông Cửa Lớn,TT. Năm Căn,Năm Căn,28,8.0,3.8,21,15,117.0,0.0,0.77,0.84,0.24,27.0,700.0,9.9,6.55250788703459,2023,7,13,2,2,1,2
Sông Rạch Gốc,Tân Ân ,Ngọc Hiển,28,7.9,5.0,24,15,117.0,0.038,0.134,0.566,0.038,11.6,16000.0,0.9,9.680406499268877,2024,7,11,2,2,1,2
Sông Rạch Tàu,Đất Mũi ,Ngọc Hiển,27,7.1,4.5,22,20,95.0,0.88,1.93,0.55,0.42,20.0,450.0,9.9,6.111467339502679,2023,7,19,2,2,1,1
Sông Cửa Lớn,Sông Cửa Lớn,Năm Căn,28,7.8,3.5,25,20,102.0,0.016,0.27,0.44,0.43,17.9,0.9,0.9,0.6418538861723948,2023,7,12,0,0,1,2
Sông Cửa Lớn,TT. Năm Căn,Năm Căn,30,8.0,4.0,21,20,117.0,0.032,0.215,0.652,0.029,10.6,37000.0,0.9,10.518700218288163,2024,7,11,2,2,2,1
Sông Cái Ngay,Hàng Vịnh,Năm Căn,26,8.0,5.0,34,25,105.0,0.21,0.204,2.78,0.052,7.97,2000.0,0.9,7.601402334583733,2024,6,20,2,2,1,2
Sông Cái Ngay,Hàng Vịnh,Năm Căn,27,8.1,4.0,27,30,183.0,0.09,0.95,0.13,0.0,25.0,13000.0,9.9,9.472781556562168,2025,7,24,2,2,2,2
Sông Cửa Lớn ,Lâm Hải ,Năm Căn,27,7.8,4.0,25,15,120.0,0.112,0.15,0.27,0.14,10.7,0.9,0.9,0.6418538861723948,2022,10,4,0,0,2,2
Sông Cửa Lớn ,Lâm Hải ,Năm Căn,30,7.7,3.5,16,20,114.0,0.212,0.548,1.98,0.069,26.2,13000.0,0.9,9.472781556562168,2024,10,17,2,2,1,2
Sông Cái Ngay,Hàng Vịnh,Năm Căn,29,7.9,4.0,22,25,132.0,0.188,0.259,1.28,0.041,20.0,440000.0,0.9,12.994532278619134,2024,7,25,2,2,2,2
Sông Cái Ngay,Hàng Vịnh,Năm Căn,27,8.3,5.0,22,20,114.0,0.015,0.17,1.75,0.025,19.7,8300.0,0.9,9.024131268455037,2024,12,12,2,2,2,1
Sông Rạch Tàu,Đất Mũi ,Ngọc Hiển,28,7.7,3.5,24,25,112.0,0.218,0.31,0.1,0.07,10.4,140.0,0.9,4.948759890378168,2022,10,18,1,1,2,2
Sông Rạch Tàu,Đất Mũi ,Ngọc Hiển,27,7.8,5.0,18,20,122.0,0.173,0.682,1.63,0.064,32.4,8800.0,0.9,9.082620630373812,2024,10,24,2,2,1,2
Sông Cửa Lớn ,Lâm Hải ,Năm Căn,28,7.9,3.5,17,20,125.0,0.173,0.627,1.18,0.049,23.6,36000.0,0.9,10.491301994830229,2024,10,24,2,2,1,2
Sông Rạch Tàu,Đất Mũi ,Ngọc Hiển,29,7.8,5.0,26,25,135.0,0.346,0.45,0.52,0.19,13.3,76.0,0.9,4.343805421853684,2022,8,2,1,1,1,2
Sông Cái Ngay,Hàng Vịnh,Năm Căn,27,7.6,5.0,27,20,121.0,0.1,0.89,0.38,0.0,18.0,1100.0,9.9,7.00397413672268,2025,7,17,2,2,2,1
Sông Cửa Lớn ,Lâm Hải ,Năm Căn,26,7.4,5.0,25,30,111.0,0.07,0.76,0.1,0.0,15.0,160.0,9.9,5.081404364984463,2025,8,21,1,1,2,2
Sông Nhưng Miên,Viên An Đông ,Ngọc Hiển,28,8.2,4.5,20,25,124.0,0.05,0.61,1.57,0.07,28.0,960.0,9.9,6.8679744089702925,2023,11,2,2,2,2,2
Sông Cửa Lớn ,Lâm Hải ,Năm Căn,28,8.5,5.0,19,20,94.7,0.063,0.342,0.368,0.026,17.6,8000.0,0.9,8.987321812850125,2024,11,29,2,2,2,1
Sông Cửa Lớn,TT. Năm Căn,Năm Căn,27,7.9,4.0,28,30,153.0,0.64,1.5,0.0,0.32,13.0,1600.0,9.9,7.378383712996714,2025,7,8,2,2,2,2
Sông Rạch Gốc,Tân Ân ,Ngọc Hiển,28,8.1,3.0,23,20,119.0,0.03,0.75,1.23,0.06,35.0,150.0,9.9,5.017279836814924,2023,11,16,1,1,1,2
Sông Rạch Tàu,Đất Mũi ,Ngọc Hiển,28,8.5,4.0,24,25,117.0,0.03,0.43,0.09,0.06,20.0,10.0,9.9,2.3978952727983707,2023,11,30,0,0,2,2
Sông Rạch Tàu,Đất Mũi ,Ngọc Hiển,28,8.0,4.0,20,25,106.0,0.03,0.57,1.12,0.06,20.0,100.0,9.9,4.61512051684126,2023,11,9,1,1,2,2
Sông Cửa Lớn,TT. Năm Căn,Năm Căn,28,7.8,3.0,24,25,118.0,0.256,0.32,0.2,0.1,10.4,140.0,0.9,4.948759890378168,2022,10,18,1,1,1,2
Sông Rạch Tàu,Đất Mũi ,Ngọc Hiển,28,8.3,5.0,25,35,139.5,0.03,0.8,0.07,0.06,24.0,520.0,9.9,6.255750041753367,2025,9,25,2,2,2,2
Sông Cửa Lớn ,Lâm Hải ,Năm Căn,27,7.6,4.0,25,20,110.0,0.108,0.16,0.24,0.13,12.4,0.9,0.9,0.6418538861723948,2022,10,11,0,0,2,2
Sông Nhưng Miên,Viên An Đông ,Ngọc Hiển,27,8.5,5.0,20,20,128.0,0.154,0.425,0.406,0.053,17.9,9800.0,0.9,9.19023970026918,2024,11,21,2,2,2,2
Sông Nhưng Miên,Viên An Đông ,Ngọc Hiển,29,7.9,4.0,26,25,103.0,0.184,0.15,1.52,0.23,10.6,0.9,0.9,0.6418538861723948,2022,7,19,0,0,2,2
Sông Cái Ngay,Hàng Vịnh,Năm Căn,29,7.4,4.0,15,25,113.0,0.134,0.396,1.43,0.17,26.0,22000.0,0.9,9.99884318585288,2024,8,29,2,2,1,2
Sông Nhưng Miên,Viên An Đông ,Ngọc Hiển,27,8.2,4.0,24,30,136.5,0.04,0.82,0.0,0.09,21.0,850.0,9.9,6.746412128573375,2025,9,19,2,2,2,2
Sông Cửa Lớn ,Lâm Hải ,Năm Căn,27,7.6,5.0,28,30,157.0,0.07,0.81,0.12,0.0,22.0,140.0,9.9,4.948759890378168,2025,7,10,1,1,2,2
Sông Cửa Lớn,TT. Năm Căn,Năm Căn,27,7.9,5.0,28,25,137.0,0.09,1.03,0.11,0.29,17.0,35000.0,9.9,10.463131911491969,2025,7,31,2,2,2,2
Sông Nhưng Miên,Viên An Đông ,Ngọc Hiển,28,8.4,4.0,25,35,146.0,0.03,0.78,0.1,0.07,27.0,690.0,9.9,6.53813982376767,2025,9,25,2,2,2,2
Sông Cửa Lớn ,Lâm Hải ,Năm Căn,27,8.5,4.0,24,25,123.0,0.03,0.43,0.08,0.06,19.0,30.0,9.9,3.4339872044851463,2023,11,30,0,0,2,2
Sông Rạch Gốc,Tân Ân ,Ngọc Hiển,27,8.2,3.0,22,20,130.0,0.0,0.51,0.67,0.0,22.0,100.0,9.9,4.61512051684126,2023,8,24,1,1,1,1
Sông Cái Ngay,Hàng Vịnh,Năm Căn,27,8.0,5.0,28,30,157.0,0.66,1.51,0.0,0.32,25.0,2500.0,9.9,7.824445930877619,2025,7,8,2,2,2,2
Sông Nhưng Miên,Viên An Đông ,Ngọc Hiển,27,7.1,5.0,18,25,117.0,0.22,0.143,0.414,0.143,24.2,13000.0,0.9,9.472781556562168,2024,9,12,2,2,1,2
Sông Cái Ngay,Hàng Vịnh,Năm Căn,28,7.8,5.0,15,10,125.0,0.346,0.37,1.47,0.106,24.2,7000.0,0.9,8.853808274977197,2024,10,17,2,2,1,2
Sông Rạch Tàu,Đất Mũi ,Ngọc Hiển,29,7.3,5.0,24,20,157.5,0.95,2.03,1.11,0.2,28.0,9.9,9.9,2.388762789235098,2023,6,29,0,0,1,1
Sông Cái Ngay,Hàng Vịnh,Năm Căn,30,8.5,3.5,20,20,121.0,0.137,0.176,0.413,0.055,16.8,12000.0,0.9,9.39274525863144,2024,11,29,2,2,1,2
Sông Cửa Lớn,TT. Năm Căn,Năm Căn,28,7.0,3.0,14,20,115.0,0.202,0.227,1.47,0.029,17.5,1600.0,0.9,7.378383712996714,2024,9,26,2,2,1,1
Sông Cửa Lớn,TT. Năm Căn,Năm Căn,28,8.1,5.0,22,20,116.0,0.08,0.268,0.37,0.083,23.0,29000.0,0.9,10.275085591132717,2024,12,6,2,2,2,2
Sông Rạch Tàu,Đất Mũi ,Ngọc Hiển,27,8.0,5.0,20,25,102.0,0.03,0.57,0.49,0.0,24.0,1600.0,9.9,7.378383712996714,2023,10,12,2,2,2,2
Sông Cửa Lớn ,Sông Cửa Lớn ,Năm Căn,29,8.0,4.5,25,20,118.0,0.024,0.21,0.53,0.14,14.6,0.9,0.9,0.6418538861723948,2023,7,12,0,0,2,2
Sông Cái Ngay,Hàng Vịnh,Năm Căn,29,7.3,3.0,20,20,89.0,0.06,0.71,0.71,0.09,18.0,9.9,9.9,2.388762789235098,2023,7,19,0,0,1,2
Sông Rạch Gốc,Tân Ân ,Ngọc Hiển,28,6.9,5.0,19,20,107.0,0.177,0.174,0.295,0.074,27.5,6000.0,0.9,8.699681400989514,2024,9,12,2,2,2,2
Sông Cái Ngay,Hàng Vịnh,Năm Căn,26,7.4,5.0,15,20,121.0,0.348,0.409,0.932,0.065,23.3,9100.0,0.9,9.116139576577355,2024,10,10,2,2,1,2
Sông Nhưng Miên,Viên An Đông ,Ngọc Hiển,28,8.0,4.0,29,25,117.0,0.08,0.78,0.15,0.08,31.0,8800.0,120.0,9.082620630373812,2025,7,3,2,2,2,2
Sông Cái Ngay,Hàng Vịnh,Năm Căn,27,7.8,5.0,27,25,123.0,0.05,0.83,0.18,0.08,27.0,12000.0,9.9,9.39274525863144,2025,7,3,2,2,2,2
Sông Cái Ngay,Hàng Vịnh,Năm Căn,27,8.0,5.0,27,35,111.0,0.11,0.88,0.09,0.13,14.0,520.0,9.9,6.255750041753367,2025,8,14,2,2,2,2
Sông Rạch Tàu,Đất Mũi ,Ngọc Hiển,29,7.9,4.0,30,25,117.5,0.02,1.2,0.33,0.08,25.0,160.0,9.9,5.081404364984463,2023,6,15,1,1,2,2
Sông Cửa Lớn,TT. Năm Căn,Năm Căn,27,7.1,4.0,14,25,115.0,0.049,0.608,0.381,0.085,16.9,2000.0,0.9,7.601402334583733,2024,9,5,2,2,1,2
Sông Rạch Gốc,Tân Ân ,Ngọc Hiển,28,7.6,4.0,24,20,148.0,0.132,0.17,0.3,0.13,12.2,27.0,0.9,3.332204510175204,2022,9,20,0,0,2,2
Sông Cửa Lớn ,Lâm Hải ,Năm Căn,27,7.6,5.0,24,30,133.0,0.05,0.95,0.0,0.0,18.0,5000.0,9.9,8.517393171418904,2025,9,25,2,2,2,2
Sông Cái Ngay,Hàng Vịnh,Năm Căn,29,7.7,4.0,24,25,131.0,0.02,0.26,0.38,0.07,12.8,0.9,0.9,0.6418538861723948,2022,10,25,0,0,2,2
Sông Rạch Gốc,Tân Ân ,Ngọc Hiển,28,7.7,4.0,21,20,104.0,0.209,0.672,1.36,0.066,24.1,6800.0,0.9,8.824824939175638,2024,10,24,2,2,2,2
Sông Nhưng Miên,Viên An Đông ,Ngọc Hiển,28,8.2,4.0,20,25,109.5,0.1,0.83,0.71,0.0,25.0,120.0,9.9,4.795790545596741,2023,8,3,1,1,2,2
Sông Rạch Gốc,Tân Ân ,Ngọc Hiển,28,7.9,3.5,26,15,135.0,0.12,0.45,0.15,0.34,10.6,0.9,0.9,0.6418538861723948,2022,8,9,0,0,1,2
Sông Rạch Tàu,Đất Mũi ,Ngọc Hiển,28,7.7,3.5,25,25,101.0,0.25,0.22,0.29,0.15,11.4,0.9,0.9,0.6418538861723948,2022,9,6,0,0,2,2
Sông Cái Ngay,Hàng Vịnh,Năm Căn,28,8.5,3.0,21,25,102.0,0.06,0.65,1.74,0.07,24.0,9.9,9.9,2.388762789235098,2023,11,2,0,0,1,2
Sông Cái Ngay,Sông Cái Ngay,Năm Căn,27,8.0,3.5,25,26,105.0,0.039,0.37,0.21,0.06,6.35,0.9,0.9,0.6418538861723948,2022,7,26,0,0,2,2
Sông Cái Ngay,Hàng Vịnh,Năm Căn,28,7.9,4.0,29,20,120.0,0.04,1.49,3.12,0.91,34.0,130.0,9.9,4.875197323201151,2023,6,15,1,1,1,1
Sông Cái Ngay,Hàng Vịnh,Năm Căn,28,7.4,4.0,24,20,142.5,0.53,0.76,0.4,0.3,16.0,9.9,9.9,2.388762789235098,2023,7,6,0,0,1,2
Sông Rạch Tàu,Đất Mũi ,Ngọc Hiển,27,7.0,4.0,24,20,97.0,0.02,0.19,0.86,0.0,22.0,9.9,9.9,2.388762789235098,2023,7,6,0,0,1,1
Sông Cửa Lớn ,Lâm Hải ,Năm Căn,29,8.2,3.5,20,15,59.0,0.02,0.58,0.39,0.0,18.0,9.9,9.9,2.388762789235098,2023,8,31,0,0,1,1
Sông Cái Ngay,Hàng Vịnh,Năm Căn,27,7.7,4.0,25,25,210.0,0.01,0.1,0.26,0.14,8.14,0.9,0.9,0.6418538861723948,2022,7,5,0,0,2,2
Sông Cửa Lớn,TT. Năm Căn,Năm Căn,28,7.3,4.0,23,25,110.0,0.005,0.199,0.231,0.0,8.22,0.9,0.9,0.6418538861723948,2022,11,15,0,0,2,2
Sông Cửa Lớn ,Lâm Hải ,Năm Căn,27,7.9,5.0,20,15,100.0,0.123,0.229,1.12,0.045,23.9,220000.0,0.9,12.301387370778713,2024,7,25,2,2,1,2
Sông Rạch Tàu,Đất Mũi ,Ngọc Hiển,28,8.3,4.0,29,25,161.0,0.74,1.57,0.0,0.33,27.0,13000.0,9.9,9.472781556562168,2025,7,8,2,2,2,2
Sông Cái Ngay,Hàng Vịnh,Năm Căn,28,8.5,5.0,20,20,118.0,0.197,0.4,1.07,0.054,32.1,210000.0,0.9,12.25486757159303,2024,11,21,2,2,1,2
Sông Rạch Tàu,Đất Mũi ,Ngọc Hiển,28,8.4,4.0,22,25,105.0,0.03,0.43,0.7,0.06,22.0,9.9,9.9,2.388762789235098,2023,11,23,0,0,2,2
Sông Rạch Gốc,Tân Ân ,Ngọc Hiển,28,8.1,3.5,24,15,168.0,0.037,0.25,0.51,0.27,10.4,51.0,0.9,3.951243718581428,2024,8,16,0,0,1,2
Sông Cái Ngay,Hàng Vịnh,Năm Căn,27,8.1,4.0,18,25,129.0,0.0,0.56,0.54,0.0,23.0,150.0,9.9,5.017279836814924,2023,8,17,1,1,2,2
Sông Nhưng Miên,Sông Nhưng Miên,Ngọc Hiển,28,8.0,4.5,26,20,109.0,0.034,0.35,0.19,0.055,8.95,0.9,0.9,0.6418538861723948,2022,7,26,0,0,2,2
Sông Rạch Gốc,Tân Ân ,Ngọc Hiển,28,8.1,5.0,21,20,105.0,0.013,0.64,0.517,0.021,8.46,8000.0,0.9,8.987321812850125,2024,8,15,2,2,2,1
Sông Cửa Lớn ,Lâm Hải ,Năm Căn,27,7.6,4.0,25,25,140.0,0.126,0.17,0.25,0.14,11.6,0.9,0.9,0.6418538861723948,2022,9,27,0,0,2,2
Sông Cửa Lớn,TT. Năm Căn,Năm Căn,28,8.0,4.5,28,25,115.0,0.07,1.36,2.77,1.02,18.0,140.0,9.9,4.948759890378168,2023,6,15,1,1,2,2
Sông Nhưng Miên,Viên An Đông ,Ngọc Hiển,29,7.4,4.0,15,15,117.0,0.259,0.915,2.44,0.084,22.3,4100.0,0.9,8.31898612539206,2024,10,17,2,2,1,2
Sông Rạch Gốc,Tân Ân ,Ngọc Hiển,29,6.9,3.0,19,10,119.0,0.25,0.355,0.966,0.076,27.3,34000.0,0.9,10.434145214930489,2024,9,19,2,2,1,2
Sông Rạch Tàu,Đất Mũi ,Ngọc Hiển,28,7.7,3.5,24,25,133.0,0.163,0.17,0.3,0.13,12.2,0.9,0.9,0.6418538861723948,2022,9,13,0,0,2,2
Sông Cửa Lớn,TT. Năm Căn,Năm Căn,27,7.2,3.5,23,15,137.5,0.5,0.76,0.23,0.38,19.0,9.9,9.9,2.388762789235098,2023,7,6,0,0,1,2
Sông Cửa Lớn,TT. Năm Căn,Năm Căn,28,7.8,3.0,20,15,110.0,0.07,0.65,1.08,0.06,18.0,500.0,9.9,6.2166061010848646,2023,11,9,2,2,1,2
Sông Cửa Lớn ,Lâm Hải ,Năm Căn,30,8.3,3.5,22,20,107.0,0.103,0.161,1.08,0.089,20.9,140000.0,0.9,11.849404844423074,2024,12,6,2,2,1,2
Sông Rạch Gốc,Tân Ân ,Ngọc Hiển,28,8.5,4.0,24,25,119.0,0.03,0.42,0.11,0.06,27.0,9.9,9.9,2.388762789235098,2023,11,30,0,0,2,2
Sông Cửa Lớn,TT. Năm Căn,Năm Căn,28,8.0,5.0,20,25,90.9,0.184,0.221,0.839,0.035,21.6,670000.0,0.9,13.415034483903348,2024,7,25,2,2,2,2
Sông Cái Ngay,Hàng Vịnh,Năm Căn,28,7.9,4.0,19,20,133.0,0.0,0.73,1.35,0.08,19.0,9.9,9.9,2.388762789235098,2023,9,14,0,0,2,2
Sông Cửa Lớn ,Lâm Hải ,Năm Căn,27,7.8,5.0,27,35,112.0,0.07,0.84,0.07,0.14,18.0,420.0,9.9,6.042632833682381,2025,8,14,2,2,2,2
Sông Cửa Lớn,TT. Năm Căn,Năm Căn,28,7.8,4.0,19,25,130.0,0.0,0.56,0.5,0.0,23.0,9.9,9.9,2.388762789235098,2023,8,17,0,0,2,2
Sông Cửa Lớn,TT. Năm Căn,Năm Căn,28,8.3,5.0,19,20,125.0,0.104,0.132,0.428,0.086,14.6,37000.0,0.9,10.518700218288163,2024,11,29,2,2,2,2
Sông Rạch Gốc,Tân Ân ,Ngọc Hiển,29,7.8,3.5,26,25,114.0,0.196,0.17,1.63,0.25,9.93,0.9,0.9,0.6418538861723948,2022,7,19,0,0,1,2
Sông Nhưng Miên,Viên An Đông ,Ngọc Hiển,27,8.5,4.0,21,20,122.0,0.113,0.16,0.774,0.069,25.6,5000.0,0.9,8.517393171418904,2024,11,29,2,2,2,2
Sông Rạch Gốc,Tân Ân ,Ngọc Hiển,27,8.0,4.0,22,25,89.0,0.0,0.57,0.46,0.0,19.0,9.9,9.9,2.388762789235098,2023,8,31,0,0,2,2
Sông Cửa Lớn,TT. Năm Căn,Năm Căn,28,8.1,3.5,19,20,117.0,0.0,0.6,0.47,0.16,17.0,190.0,9.9,5.25227342804663,2023,8,10,1,1,1,2
Sông Nhưng Miên,Viên An Đông ,Ngọc Hiển,28,7.7,4.0,17,20,122.0,0.219,0.177,0.744,0.063,26.1,6600.0,0.9,8.79497643168877,2024,10,30,2,2,2,2
Sông Rạch Tàu,Đất Mũi ,Ngọc Hiển,28,8.4,4.0,21,20,117.0,0.03,0.74,1.19,0.06,39.0,300.0,9.9,5.707110264748875,2023,11,16,1,1,1,2
Sông Cửa Lớn ,Lâm Hải ,Năm Căn,27,7.0,3.5,17,20,114.0,0.168,0.548,1.82,0.082,26.2,7400.0,0.9,8.909370405197466,2023,10,3,2,2,1,2
Sông Rạch Gốc,Tân Ân ,Ngọc Hiển,29,8.5,4.0,23,20,94.2,0.102,0.291,0.504,0.074,20.6,6300.0,0.9,8.748463629942055,2024,11,21,2,2,2,2
Sông Rạch Gốc,Tân Ân ,Ngọc Hiển,28,8.4,5.0,25,35,145.5,0.03,0.78,0.07,0.07,21.0,610.0,9.9,6.415096959171596,2025,9,25,2,2,2,2
Sông Nhưng Miên,Viên An Đông ,Ngọc Hiển,28,7.6,4.0,19,20,99.0,0.0,0.55,0.78,0.15,23.0,9.9,9.9,2.388762789235098,2023,9,7,0,0,2,2
Sông Cái Ngay,Hàng Vịnh,Năm Căn,26,7.4,5.0,15,15,125.0,0.302,0.37,1.29,0.069,22.3,1000.0,0.9,6.90875477931522,2023,10,3,2,2,1,2
Sông Cửa Lớn,TT. Năm Căn,Năm Căn,27,7.8,4.0,25,25,148.0,0.117,0.16,0.3,0.13,12.9,0.9,0.9,0.6418538861723948,2022,9,27,0,0,2,2
Sông Cửa Lớn,TT. Năm Căn,Năm Căn,28,8.0,3.0,16,20,107.0,0.106,0.336,0.636,0.066,27.7,16000.0,0.9,9.680406499268877,2024,10,30,2,2,1,2
Sông Nhưng Miên,Viên An Đông ,Ngọc Hiển,28,8.4,5.0,28,35,178.0,0.06,0.76,0.16,0.0,30.0,1500.0,9.9,7.313886831633462,2025,7,24,2,2,2,2
Sông Rạch Tàu,Đất Mũi ,Ngọc Hiển,28,8.3,4.0,28,25,119.0,0.0,0.64,0.07,0.13,21.0,3700.0,9.9,8.216358332386156,2025,8,14,2,2,2,2
Sông Cửa Lớn ,Lâm Hải ,Năm Căn,29,8.2,5.0,30,25,125.0,0.03,1.41,0.29,0.15,25.0,250.0,9.9,5.525452939131784,2023,6,15,1,1,2,2
Sông Rạch Tàu,Đất Mũi ,Ngọc Hiển,28,8.1,3.5,21,20,79.0,0.02,0.57,0.38,0.0,21.0,80.0,9.9,4.394449154672439,2023,8,31,1,1,1,1
Sông Rạch Gốc,Tân Ân ,Ngọc Hiển,29,7.8,4.0,26,20,116.0,0.263,0.278,0.55,0.06,12.2,0.9,0.9,0.6418538861723948,2022,11,1,0,0,1,2
Sông Rạch Tàu,Đất Mũi ,Ngọc Hiển,29,7.8,4.0,20,20,116.0,0.03,0.58,1.26,0.07,17.0,930.0,9.9,6.836259277277067,2023,10,26,2,2,2,2
Sông Rạch Tàu,Đất Mũi ,Ngọc Hiển,29,8.1,4.5,21,25,133.0,0.0,0.51,0.7,0.0,23.0,9.9,9.9,2.388762789235098,2023,8,24,0,0,2,2
Sông Nhưng Miên,Sông Nhưng Miên,Ngọc Hiển,29,7.9,5.0,26,25,102.0,0.022,0.22,0.48,0.37,17.1,0.9,0.9,0.6418538861723948,2023,7,12,0,0,2,2
Sông Cửa Lớn ,Lâm Hải ,Năm Căn,29,8.0,4.0,25,15,121.0,0.101,0.193,0.33,0.07,10.8,0.9,0.9,0.6418538861723948,2022,11,1,0,0,1,2
Sông Rạch Gốc,Tân Ân ,Ngọc Hiển,29,7.9,2.5,21,20,105.0,0.187,0.252,0.56,0.053,28.0,13000.0,0.9,9.472781556562168,2024,10,30,2,2,1,1
Sông Rạch Gốc,Tân Ân ,Ngọc Hiển,28,7.7,4.0,26,20,115.0,0.272,0.29,0.11,0.08,8.79,15.0,0.9,2.772588722239781,2022,10,18,0,0,2,2
Sông Cái Ngay,Hàng Vịnh,Năm Căn,27,7.8,4.0,25,35,130.5,0.03,0.89,0.11,0.09,26.0,1000.0,9.9,6.90875477931522,2025,11,9,2,2,2,2
Sông Cửa Lớn,TT. Năm Căn,Năm Căn,28,7.9,4.0,23,25,136.0,0.035,0.18,0.45,0.21,10.7,80.0,0.9,4.394449154672439,2024,8,16,1,1,2,2
Sông Nhưng Miên,Viên An Đông ,Ngọc Hiển,27,7.7,5.0,24,25,129.0,0.04,0.77,0.09,0.0,22.0,430.0,9.9,6.066108090103747,2025,4,9,2,2,2,2
Sông Nhưng Miên,Viên An Đông ,Ngọc Hiển,30,8.3,3.0,18,20,128.0,0.191,0.345,0.966,0.079,19.0,15000.0,0.9,9.61587214452889,2024,11,6,2,2,1,2
Sông Rạch Tàu,Đất Mũi ,Ngọc Hiển,29,8.2,4.0,24,25,158.0,0.036,0.11,0.57,0.26,11.1,23.0,0.9,3.1780538303479458,2023,8,16,0,0,2,2
Sông Rạch Tàu,Đất Mũi ,Ngọc Hiển,29,8.3,3.5,21,20,113.0,0.92,2.01,0.78,0.1,27.0,80.0,9.9,4.394449154672439,2023,8,10,1,1,1,1
Sông Cửa Lớn ,Lâm Hải ,Năm Căn,28,7.5,3.5,25,15,109.0,0.222,0.17,0.3,0.15,10.4,16.0,0.9,2.833213344056216,2022,9,6,0,0,1,2
Sông Cái Ngay,Hàng Vịnh,Năm Căn,27,8.5,4.0,23,25,125.0,0.03,0.46,0.07,0.06,21.0,9.9,9.9,2.388762789235098,2023,11,30,0,0,2,2
Sông Nhưng Miên,Viên An Đông ,Ngọc Hiển,29,8.2,4.0,26,25,142.0,0.079,0.28,0.19,0.15,8.3,48.0,0.9,3.8918202981106265,2022,8,9,0,0,2,2
Sông Cửa Lớn,TT. Năm Căn,Năm Căn,28,8.1,4.0,21,20,112.0,0.05,0.63,1.82,0.08,27.0,9.9,9.9,2.388762789235098,2023,11,2,0,0,2,2
Sông Rạch Tàu,Đất Mũi ,Ngọc Hiển,28,7.9,4.0,20,25,83.0,0.0,0.55,0.54,0.0,19.0,150.0,9.9,5.017279836814924,2023,8,17,1,1,2,2
Sông Cửa Lớn ,Lâm Hải ,Năm Căn,28,8.0,5.0,20,15,98.0,0.78,1.98,0.43,0.44,24.0,700.0,9.9,6.55250788703459,2023,8,10,2,2,1,1
Sông Cửa Lớn,TT. Năm Căn,Năm Căn,28,8.2,4.0,21,20,105.0,0.03,0.73,1.22,0.06,28.0,9.9,9.9,2.388762789235098,2023,11,16,0,0,2,2
Sông Cửa Lớn ,Lâm Hải ,Năm Căn,30,8.0,5.0,20,15,93.0,0.14,0.87,0.64,0.48,28.0,9.9,9.9,2.388762789235098,2023,10,19,0,0,1,2
Sông Rạch Tàu,Đất Mũi ,Ngọc Hiển,27,7.6,2.5,17,20,107.0,0.38,0.861,2.39,0.093,29.3,6600.0,0.9,8.79497643168877,2024,10,17,2,2,1,1
Sông Rạch Gốc,Tân Ân ,Ngọc Hiển,27,7.9,5.0,28,25,129.0,0.0,0.71,0.17,0.07,19.0,320.0,9.9,5.771441123130016,2025,7,17,1,1,2,2
Sông Cửa Lớn ,Lâm Hải ,Năm Căn,27,7.4,3.0,19,20,83.0,0.02,0.65,0.76,0.17,26.0,80.0,9.9,4.394449154672439,2023,9,7,1,1,1,2
Sông Nhưng Miên,Viên An Đông ,Ngọc Hiển,28,8.0,4.0,26,20,132.0,0.293,0.28,0.11,0.05,12.5,120.0,0.9,4.795790545596741,2022,8,2,1,1,2,2
Sông Rạch Gốc,Tân Ân ,Ngọc Hiển,28,7.9,4.0,22,20,116.0,0.0,0.49,1.52,0.0,21.0,9.9,9.9,2.388762789235098,2023,9,28,0,0,2,1
Sông Cửa Lớn,TT. Năm Căn,Năm Căn,29,7.7,4.0,22,25,110.0,0.005,0.203,0.233,0.0,10.5,0.9,0.9,0.6418538861723948,2022,8,11,0,0,2,2
Sông Cái Ngay,Hàng Vịnh,Năm Căn,27,8.1,4.0,19,20,108.0,0.06,0.61,1.2,0.06,17.0,620.0,9.9,6.431331081933479,2023,11,9,2,2,2,2
Sông Rạch Gốc,Tân Ân ,Ngọc Hiển,27,8.0,5.0,24,30,126.0,0.06,0.83,0.0,0.09,13.0,280.0,9.9,5.638354669333745,2025,9,19,1,1,2,2
Sông Nhưng Miên,Viên An Đông ,Ngọc Hiển,27,7.7,3.5,22,20,148.0,0.11,0.18,0.26,0.14,11.3,38.0,0.9,3.6635616461296463,2022,9,20,0,0,2,2
Sông Rạch Tàu,Đất Mũi ,Ngọc Hiển,29,7.5,3.5,20,20,103.0,0.02,0.56,0.82,0.14,24.0,90.0,9.9,4.51085950651685,2023,9,7,1,1,1,2
Sông Cửa Lớn,TT. Năm Căn,Năm Căn,27,7.9,4.0,27,20,137.0,0.05,0.83,0.21,0.0,24.0,15000.0,9.9,9.61587214452889,2025,7,3,2,2,2,1
Sông Rạch Tàu,Đất Mũi ,Ngọc Hiển,27,8.2,5.0,20,20,97.2,0.186,0.254,0.751,0.063,21.1,800.0,0.9,6.68586094706836,2024,11,14,2,2,2,2
Sông Rạch Gốc,Tân Ân ,Ngọc Hiển,28,8.5,4.0,29,25,155.0,0.64,1.46,0.0,0.32,19.0,2000.0,9.9,7.601402334583733,2025,7,8,2,2,2,2
Sông Cửa Lớn ,Lâm Hải ,Năm Căn,30,7.8,5.0,24,20,135.0,1.19,2.1,1.44,0.2,25.0,9.9,9.9,2.388762789235098,2023,6,29,0,0,1,1
Sông Rạch Tàu,Đất Mũi ,Ngọc Hiển,27,8.3,5.0,24,30,146.0,0.05,0.85,0.0,0.09,20.0,160.0,9.9,5.081404364984463,2025,9,19,1,1,2,2
Sông Cái Ngay,Hàng Vịnh,Năm Căn,29,7.8,3.0,16,20,133.0,0.328,0.608,1.15,0.053,32.9,18000.0,0.9,9.798182590890704,2024,10,24,2,2,1,2
Sông Cửa Lớn ,Lâm Hải ,Năm Căn,28,8.0,3.5,18,20,118.0,0.118,0.476,0.491,0.041,29.5,32000.0,0.9,10.373522431293592,2024,10,30,2,2,1,2
Sông Cái Ngay,Hàng Vịnh,Năm Căn,29,7.6,4.0,20,25,126.0,0.03,0.61,1.39,0.06,23.0,9.9,9.9,2.388762789235098,2023,10,26,0,0,2,2
Sông Cửa Lớn,TT. Năm Căn,Năm Căn,27,7.6,5.0,25,35,125.5,0.05,0.89,0.08,0.0,24.0,2700.0,9.9,7.901377353792616,2025,11,9,2,2,2,2
Sông Rạch Tàu,Sông Rạch Tàu,Ngọc Hiển,29,7.8,4.0,26,25,109.0,0.051,0.26,0.34,0.19,8.62,12.0,0.9,2.5649493574615367,2022,7,26,0,0,2,2
Sông Cửa Lớn ,Lâm Hải ,Năm Căn,28,7.4,3.0,19,20,126.0,0.03,0.59,1.56,0.09,24.0,9.9,9.9,2.388762789235098,2023,10,12,0,0,1,2
Sông Cái Ngay,Hàng Vịnh,Năm Căn,30,8.2,5.0,19,25,91.5,0.157,0.522,1.26,0.073,15.8,2900.0,0.9,7.972810784121404,2024,11,6,2,2,2,2
Sông Nhưng Miên,Viên An Đông ,Ngọc Hiển,28,7.2,4.0,20,20,108.0,0.08,1.1,1.65,0.0,23.0,350.0,9.9,5.860786223465865,2023,7,27,1,1,1,1
Sông Cửa Lớn,TT. Năm Căn,Năm Căn,29,8.0,4.5,23,20,169.0,1.239,0.39,2.09,0.42,30.9,670.0,33.0,6.508769136971682,2022,8,30,2,2,1,2
Sông Rạch Gốc,Tân Ân ,Ngọc Hiển,27,7.5,3.5,20,10,118.0,0.296,0.673,1.38,0.06,27.0,7000.0,0.9,8.853808274977197,2024,10,10,2,2,1,2
Sông Cửa Lớn ,Lâm Hải ,Năm Căn,27,8.6,4.0,22,20,90.0,0.03,0.54,0.71,0.06,18.0,90.0,9.9,4.51085950651685,2023,11,23,1,1,1,2
Sông Cửa Lớn ,Lâm Hải ,Năm Căn,28,7.9,3.5,20,20,100.0,0.0,0.47,1.25,0.08,23.0,9.9,9.9,2.388762789235098,2023,9,28,0,0,1,2
Sông Cái Ngay,Hàng Vịnh,Năm Căn,28,8.5,4.0,19,20,100.0,0.121,0.329,0.486,0.082,30.3,500.0,0.9,6.2166061010848646,2024,11,14,2,2,1,2
Sông Rạch Gốc,Tân Ân ,Ngọc Hiển,28,7.8,3.0,23,20,100.0,0.06,0.62,0.97,0.06,19.0,480.0,9.9,6.175867270105761,2023,11,9,2,2,1,2
Sông Cửa Lớn,TT. Năm Căn,Năm Căn,27,7.9,5.0,19,25,105.0,0.1636,0.25,1.03,0.066,25.5,9000.0,0.9,9.105090961257083,2024,8,1,2,2,2,2
Sông Nhưng Miên,Viên An Đông ,Ngọc Hiển,28,7.3,4.0,25,25,113.0,0.106,0.16,0.26,0.13,12.0,0.9,0.9,0.6418538861723948,2022,10,11,0,0,2,2
Sông Rạch Gốc,Tân Ân ,Ngọc Hiển,28,8.1,4.0,20,20,113.0,0.129,0.406,1.43,0.097,20.3,8000.0,0.9,8.987321812850125,2024,8,21,2,2,2,2
Sông Cái Ngay,Hàng Vịnh,Năm Căn,28,7.4,3.0,19,25,116.0,0.09,1.1,0.51,0.0,26.0,680.0,9.9,6.523562306149512,2023,7,27,2,2,1,2
Sông Cái Ngay,Hàng Vịnh,Năm Căn,27,6.9,3.5,15,20,116.0,0.203,0.256,1.66,0.053,17.9,700.0,0.9,6.55250788703459,2024,9,19,2,2,1,2
Sông Cửa Lớn,TT. Năm Căn,Năm Căn,30,7.8,3.0,29,25,127.5,0.03,0.91,0.24,0.08,23.0,5400.0,9.9,8.594339400592892,2023,6,8,2,2,2,2
Sông Cửa Lớn ,Lâm Hải ,Năm Căn,27,8.1,5.0,28,25,125.0,0.11,0.99,0.07,0.18,15.0,21000.0,9.9,9.952325334619427,2025,7,31,2,2,2,2
Sông Cửa Lớn,TT. Năm Căn,Năm Căn,28,7.8,3.5,25,20,121.0,0.014,0.1,0.29,0.14,6.51,0.9,0.9,0.6418538861723948,2022,7,5,0,0,2,2
Sông Nhưng Miên,Viên An Đông ,Ngọc Hiển,27,8.2,5.0,25,20,120.0,0.017,0.248,1.34,0.033,17.7,6300.0,0.9,8.748463629942055,2024,12,12,2,2,2,2
Sông Cửa Lớn ,Lâm Hải ,Năm Căn,29,7.9,4.0,26,25,103.0,0.11,0.589,1.38,0.026,11.1,39000.0,0.9,10.5713425658087,2024,6,27,2,2,2,2
Sông Rạch Gốc,Tân Ân ,Ngọc Hiển,29,8.0,5.0,23,20,118.0,0.034,0.298,0.566,0.025,16.3,3000.0,0.9,8.006700845440367,2024,7,18,2,2,2,1
Sông Rạch Tàu,Đất Mũi ,Ngọc Hiển,30,7.7,3.5,23,25,118.0,0.032,0.25,0.788,0.0,12.7,27000.0,0.9,10.203629181337648,2024,7,11,2,2,1,2
Sông Cửa Lớn,TT. Năm Căn,Năm Căn,27,7.7,4.0,27,20,115.0,0.07,0.8,0.09,0.0,18.0,160.0,9.9,5.081404364984463,2025,7,10,1,1,2,1
Sông Rạch Tàu,Đất Mũi ,Ngọc Hiển,30,8.3,3.5,22,20,129.0,0.155,0.422,0.875,0.067,18.5,23000.0,0.9,10.043292972227004,2024,11,21,2,2,1,2
Sông Cửa Lớn ,Sông Cửa Lớn ,Năm Căn,28,7.8,4.0,26,25,106.0,0.045,0.28,0.35,0.2,9.11,0.9,0.9,0.6418538861723948,2022,7,26,0,0,2,2
Sông Rạch Gốc,Tân Ân ,Ngọc Hiển,28,7.6,4.0,22,20,114.0,0.03,0.6,0.41,0.0,20.0,9.9,9.9,2.388762789235098,2023,10,12,0,0,2,1
Sông Rạch Gốc,Tân Ân ,Ngọc Hiển,27,7.4,5.0,24,25,139.0,0.0,0.74,0.18,0.0,24.0,110.0,9.9,4.709530201312334,2025,4,9,1,1,2,2
Sông Rạch Gốc,Tân Ân ,Ngọc Hiển,27,7.2,3.5,20,20,108.0,0.265,0.763,1.36,0.061,17.7,12000.0,0.9,9.39274525863144,2024,9,26,2,2,1,2
Sông Nhưng Miên,Viên An Đông ,Ngọc Hiển,29,7.9,4.0,20,25,89.7,0.093,0.268,0.874,0.119,25.7,29000.0,0.9,10.275085591132717,2024,8,8,2,2,2,2
Sông Cửa Lớn ,Lâm Hải ,Năm Căn,27,7.7,3.5,30,20,115.0,0.03,0.91,0.22,0.0,21.0,5200.0,9.9,8.556606193773073,2023,6,8,2,2,2,1
Sông Cửa Lớn,TT. Năm Căn,Năm Căn,27,8.4,4.0,21,20,96.0,0.03,0.44,0.73,0.06,26.0,300.0,9.9,5.707110264748875,2023,11,23,1,1,2,2
Sông Nhưng Miên,Viên An Đông ,Ngọc Hiển,29,7.2,3.5,20,20,118.0,0.02,0.59,0.44,0.0,18.0,9.9,9.9,2.388762789235098,2023,10,12,0,0,1,1
Sông Nhưng Miên,Viên An Đông ,Ngọc Hiển,28,8.4,4.0,24,25,116.0,0.03,0.42,0.12,0.06,23.0,9.9,9.9,2.388762789235098,2023,11,30,0,0,2,2
Sông Rạch Tàu,Đất Mũi ,Ngọc Hiển,27,7.8,5.0,28,25,123.0,0.0,0.72,0.19,0.0,17.0,480.0,9.9,6.175867270105761,2025,7,17,2,2,2,2
Sông Rạch Gốc,Tân Ân ,Ngọc Hiển,28,0.2,4.0,23,20,86.9,0.144,0.319,0.846,0.058,18.7,14000.0,0.9,9.546884034617923,2024,7,25,2,2,1,2
Sông Nhưng Miên,Viên An Đông ,Ngọc Hiển,28,7.9,4.0,24,25,104.0,0.145,0.19,0.33,0.14,11.7,0.9,0.9,0.6418538861723948,2022,9,6,0,0,2,2
Sông Cửa Lớn ,Lâm Hải ,Năm Căn,29,8.0,4.5,26,20,107.0,0.304,0.32,0.94,0.06,9.93,0.9,0.9,0.6418538861723948,2022,7,19,0,0,1,2
Sông Cửa Lớn,TT. Năm Căn,Năm Căn,26,7.6,5.0,25,30,109.0,0.07,0.76,0.07,0.06,24.0,1300.0,9.9,7.170888478512505,2025,8,21,2,2,2,2
Sông Cửa Lớn ,Lâm Hải ,Năm Căn,29,7.6,4.0,20,20,113.0,0.08,1.09,0.55,0.0,22.0,790.0,9.9,6.673297967767654,2023,7,27,2,2,2,1
Sông Rạch Tàu,Đất Mũi ,Ngọc Hiển,29,8.1,3.0,21,20,100.0,0.18,0.93,0.62,0.08,32.0,30.0,9.9,3.4339872044851463,2023,10,19,0,0,1,2
Sông Cửa Lớn,TT. Năm Căn,Năm Căn,28,8.0,4.0,26,25,155.0,0.53,1.58,1.89,0.13,30.0,9.9,9.9,2.388762789235098,2023,6,22,0,0,1,2
Sông Cửa Lớn,TT. Năm Căn,Năm Căn,28,7.9,3.0,25,20,135.0,0.105,0.42,0.15,0.13,10.6,24.0,0.9,3.218875824868201,2022,8,9,0,0,2,2
Sông Rạch Tàu,Đất Mũi ,Ngọc Hiển,30,7.9,5.0,33,25,120.0,0.018,0.086,0.498,0.143,9.93,84000.0,0.9,11.338583982516496,2024,6,13,2,2,1,2
Sông Rạch Tàu,Đất Mũi ,Ngọc Hiển,29,7.6,4.0,30,25,135.0,0.6,1.6,2.64,0.13,24.0,50.0,9.9,3.9318256327243257,2023,6,22,0,0,1,2
Sông Rạch Tàu,Đất Mũi ,Ngọc Hiển,27,7.5,4.0,24,25,102.0,0.006,0.241,0.265,0.0,9.53,0.9,0.9,0.6418538861723948,2022,11,15,0,0,2,2
Sông Rạch Tàu,Đất Mũi ,Ngọc Hiển,28,6.9,5.0,16,20,107.0,0.263,0.83,1.66,0.042,24.4,3400.0,0.9,8.131824785007195,2023,10,3,2,2,1,2
Sông Rạch Tàu,Đất Mũi ,Ngọc Hiển,28,8.3,4.0,26,30,123.0,0.03,0.95,0.0,0.19,17.0,3100.0,9.9,8.03947991910045,2025,11,9,2,2,2,2
Sông Nhưng Miên,Viên An Đông ,Ngọc Hiển,28,8.0,4.0,24,25,140.0,0.831,0.41,0.83,0.22,43.3,970.0,54.0,6.878326468291325,2022,8,30,2,2,1,2
Sông Nhưng Miên,Viên An Đông ,Ngọc Hiển,27,7.7,5.0,25,25,136.0,0.11,0.77,0.0,0.06,19.0,410.0,9.9,6.018593214496234,2025,8,28,2,2,2,2
Sông Cửa Lớn ,Lâm Hải ,Năm Căn,28,8.1,4.0,24,25,130.0,0.371,0.3,0.33,0.16,16.6,0.9,0.9,0.6418538861723948,2022,8,23,0,0,1,2
Sông Nhưng Miên,Viên An Đông ,Ngọc Hiển,28,8.1,5.0,29,25,145.0,0.06,0.63,0.07,0.0,20.0,130.0,9.9,4.875197323201151,2025,7,10,1,1,2,2
Sông Cửa Lớn,TT. Năm Căn,Năm Căn,28,7.2,4.0,15,20,111.0,0.173,0.758,1.63,0.087,21.6,6100.0,0.9,8.716207971151853,2023,10,3,2,2,1,2
Sông Rạch Tàu,Đất Mũi ,Ngọc Hiển,27,8.3,3.5,21,25,111.5,0.09,0.83,0.69,0.0,24.0,280.0,9.9,5.638354669333745,2023,8,3,1,1,1,2
Sông Rạch Gốc,Tân Ân ,Ngọc Hiển,27,7.7,5.0,25,25,135.0,0.11,0.73,0.0,0.07,30.0,490.0,9.9,6.19644412779452,2025,8,28,2,2,2,2
Sông Cái Ngay,Hàng Vịnh,Năm Căn,27,7.8,4.5,17,20,107.0,0.169,0.267,1.82,0.171,21.8,210000.0,0.9,12.25486757159303,2024,8,21,2,2,2,2
Sông Rạch Gốc,Tân Ân ,Ngọc Hiển,28,8.0,3.0,23,20,91.2,0.202,0.319,0.935,0.109,26.7,140000.0,0.9,11.849404844423074,2024,8,1,2,2,1,2
Sông Cửa Lớn,TT. Năm Căn,Năm Căn,28,7.9,5.0,19,25,92.2,0.237,0.316,0.652,0.036,18.1,8000.0,0.9,8.987321812850125,2024,7,18,2,2,2,2
Sông Nhưng Miên,Viên An Đông ,Ngọc Hiển,29,7.3,5.0,23,25,101.0,0.02,0.21,0.91,0.0,21.0,9.9,9.9,2.388762789235098,2023,7,6,0,0,1,2
Sông Nhưng Miên,Viên An Đông ,Ngọc Hiển,29,8.1,3.0,21,20,112.0,0.0,0.73,1.41,0.28,18.0,50.0,9.9,3.9318256327243257,2023,9,14,0,0,1,2
Sông Cửa Lớn,TT. Năm Căn,Năm Căn,27,7.9,4.0,27,30,120.0,0.1,0.76,0.07,0.14,23.0,340.0,9.9,5.831882477283517,2025,8,14,1,1,2,2
Sông Cửa Lớn,TT. Năm Căn,Năm Căn,27,7.5,4.0,22,20,153.0,0.121,0.16,0.31,0.13,12.2,0.9,0.9,0.6418538861723948,2022,9,20,0,0,2,2
Sông Nhưng Miên,Viên An Đông ,Ngọc Hiển,28,8.0,4.0,23,25,116.0,0.029,0.221,0.659,0.025,10.3,24000.0,0.9,10.085850775128716,2024,7,11,2,2,2,2
Sông Cửa Lớn,TT. Năm Căn,Năm Căn,28,7.8,4.0,25,25,109.0,0.131,0.27,1.34,0.18,7.97,33.0,0.9,3.5263605246161616,2022,7,19,0,0,2,2
Sông Cửa Lớn,TT. Năm Căn,Năm Căn,26,7.5,5.0,23,35,128.0,0.1,1.03,0.0,0.1,22.0,800.0,9.9,6.68586094706836,2025,9,19,2,2,2,2
Sông Cửa Lớn,TT. Năm Căn,Năm Căn,29,7.9,4.0,23,20,130.0,0.92,2.01,1.49,0.2,23.0,9.9,9.9,2.388762789235098,2023,6,29,0,0,1,1
Sông Cửa Lớn ,Lâm Hải ,Năm Căn,28,8.2,3.5,20,15,108.0,0.06,0.78,1.34,0.06,37.0,9.9,9.9,2.388762789235098,2023,11,16,0,0,1,2
Sông Cửa Lớn ,Lâm Hải ,Năm Căn,27,8.0,5.0,19,20,98.0,0.09,0.82,0.8,0.07,21.0,600.0,9.9,6.398594934535208,2023,8,3,2,2,2,2
Sông Cửa Lớn ,Lâm Hải ,Năm Căn,27,7.8,5.0,28,25,121.0,0.05,0.92,0.25,0.0,19.0,17000.0,9.9,9.741027444837728,2025,7,3,2,2,2,2
Sông Nhưng Miên,Viên An Đông ,Ngọc Hiển,28,8.0,3.5,24,20,133.0,0.365,0.13,0.31,0.16,13.0,0.9,0.9,0.6418538861723948,2022,8,23,0,0,1,2
Sông Cửa Lớn ,Lâm Hải ,Năm Căn,30,8.4,4.0,21,20,112.0,0.174,0.388,0.521,0.067,22.7,32000.0,0.9,10.373522431293592,2024,11,21,2,2,2,2
Sông Cửa Lớn,TT. Năm Căn,Năm Căn,27,8.0,5.0,15,25,116.0,0.205,0.381,1.88,0.044,20.8,410000.0,0.9,12.923914877701906,2024,8,21,2,2,2,2
Sông Nhưng Miên,Viên An Đông ,Ngọc Hiển,30,8.4,3.5,19,20,110.0,0.132,0.301,0.468,0.071,15.3,0.9,0.9,0.6418538861723948,2024,11,14,0,0,1,2
Sông Cửa Lớn,TT. Năm Căn,Năm Căn,28,7.9,3.5,18,20,91.0,0.136,0.364,0.82,0.066,22.2,6000.0,0.9,8.699681400989514,2024,11,6,2,2,1,2
Sông Nhưng Miên,Viên An Đông ,Ngọc Hiển,30,7.7,5.0,24,25,121.0,0.104,0.223,0.52,0.06,11.2,0.9,0.9,0.6418538861723948,2022,11,1,0,0,2,2
Sông Cửa Lớn,TT. Năm Căn,Năm Căn,27,8.0,5.0,33,20,103.0,0.207,0.246,2.39,0.056,7.32,3400.0,0.9,8.131824785007195,2024,6,20,2,2,1,2
Sông Cửa Lớn,TT. Năm Căn,Năm Căn,28,8.2,4.5,21,25,130.0,0.0,0.74,1.34,0.07,16.0,270.0,9.9,5.602118820879701,2023,9,14,1,1,2,2
Sông Cái Ngay,Hàng Vịnh,Năm Căn,30,7.7,4.0,24,20,118.0,0.232,0.29,0.1,0.08,9.76,110.0,0.9,4.709530201312334,2022,10,18,1,1,2,2
Sông Rạch Tàu,Đất Mũi ,Ngọc Hiển,29,7.7,3.5,17,25,87.3,0.338,0.319,1.71,0.049,18.1,12000.0,0.9,9.39274525863144,2024,8,21,2,2,1,2
Sông Cửa Lớn ,Lâm Hải ,Năm Căn,29,7.9,3.0,19,20,112.0,0.45,1.33,0.53,0.34,18.0,250.0,9.9,5.525452939131784,2023,8,17,1,1,1,2
Sông Cửa Lớn,TT. Năm Căn,Năm Căn,27,8.0,5.0,26,15,121.0,0.113,0.26,0.656,0.021,10.6,9600.0,0.9,9.169622538697624,2024,6,27,2,2,1,1
Sông Cửa Lớn ,Lâm Hải ,Năm Căn,28,8.4,5.0,24,20,110.0,0.014,0.179,0.925,0.03,22.9,4400.0,0.9,8.38958706681109,2024,12,12,2,2,2,2
Sông Rạch Tàu,Đất Mũi ,Ngọc Hiển,29,7.9,3.5,23,25,89.4,0.148,0.301,0.903,0.103,26.8,5000.0,0.9,8.517393171418904,2024,7,25,2,2,1,2
Sông Cái Ngay,Hàng Vịnh,Năm Căn,27,8.5,4.0,21,20,109.0,0.03,0.73,1.18,0.06,33.0,350.0,9.9,5.860786223465865,2023,11,16,1,1,1,2
Sông Cái Ngay,Hàng Vịnh,Năm Căn,28,7.5,4.0,24,25,105.0,0.105,0.16,0.25,0.14,11.4,0.9,0.9,0.6418538861723948,2022,10,11,0,0,2,2
Sông Cửa Lớn,TT. Năm Căn,Năm Căn,28,7.9,4.0,23,25,130.0,0.389,0.21,0.28,0.15,16.9,0.9,0.9,0.6418538861723948,2022,8,23,0,0,2,2
Sông Cửa Lớn ,Lâm Hải ,Năm Căn,27,7.2,4.0,23,25,126.0,0.18,0.9,0.1,0.06,19.0,2100.0,9.9,7.650168700845001,2025,4,9,2,2,2,2
Sông Cái Ngay,Sông Cái Ngay,Năm Căn,28,7.8,4.0,25,25,109.0,0.024,0.2,0.59,0.35,14.6,0.9,0.9,0.6418538861723948,2023,7,12,0,0,2,2
Sông Nhưng Miên,Viên An Đông ,Ngọc Hiển,28,7.3,4.0,21,20,97.0,0.06,0.73,0.54,0.42,18.0,9.9,9.9,2.388762789235098,2023,7,19,0,0,1,2
Sông Cửa Lớn,TT. Năm Căn,Năm Căn,28,7.6,4.0,24,25,101.0,0.21,0.3,0.35,0.16,13.3,20.0,0.9,3.044522437723423,2022,9,6,0,0,2,2
Sông Rạch Tàu,Đất Mũi ,Ngọc Hiển,27,8.2,4.0,24,25,148.0,0.876,0.54,1.35,0.27,35.6,400.0,66.0,5.993961427306569,2022,8,30,1,1,1,2
Sông Cái Ngay,Hàng Vịnh,Năm Căn,28,8.0,4.0,21,25,108.0,0.0,0.46,1.35,0.08,19.0,9.9,9.9,2.388762789235098,2023,9,28,0,0,2,2
Sông Cửa Lớn,TT. Năm Căn,Năm Căn,27,7.5,5.0,24,30,127.0,0.05,0.96,0.0,0.0,23.0,16000.0,9.9,9.680406499268877,2025,9,25,2,2,2,2
Sông Nhưng Miên,Viên An Đông ,Ngọc Hiển,27,7.8,5.0,26,25,123.0,0.0,0.0,0.65,0.0,20.0,33.0,9.9,3.5263605246161616,2025,8,21,0,0,2,1
Sông Cửa Lớn,TT. Năm Căn,Năm Căn,26,7.6,4.0,24,25,113.0,0.0,0.75,0.0,0.06,15.0,150.0,9.9,5.017279836814924,2025,8,28,1,1,2,2
Sông Cái Ngay,Hàng Vịnh,Năm Căn,27,8.3,4.0,18,25,116.0,0.0,0.58,0.52,0.1,18.0,80.0,9.9,4.394449154672439,2023,8,10,1,1,2,2
Sông Cửa Lớn,TT. Năm Căn,Năm Căn,27,7.5,3.0,24,25,115.0,0.104,0.16,0.27,0.12,11.1,0.9,0.9,0.6418538861723948,2022,10,11,0,0,2,2
Sông Rạch Gốc,Tân Ân ,Ngọc Hiển,29,8.0,3.5,30,20,115.0,0.02,1.14,0.32,0.0,24.0,140.0,9.9,4.948759890378168,2023,6,15,1,1,1,1
Sông Nhưng Miên,Viên An Đông ,Ngọc Hiển,28,7.1,4.0,23,25,107.0,0.005,0.217,0.268,0.0,13.2,0.9,0.9,0.6418538861723948,2022,11,15,0,0,2,2
Sông Rạch Gốc,Tân Ân ,Ngọc Hiển,27,7.6,3.0,26,20,125.0,0.11,0.17,0.29,0.13,8.46,0.9,0.9,0.6418538861723948,2022,4,10,0,0,2,2
Sông Nhưng Miên,Viên An Đông ,Ngọc Hiển,27,8.1,5.0,19,20,87.0,0.0,0.58,0.58,0.0,25.0,9.9,9.9,2.388762789235098,2023,8,17,0,0,2,1
Sông Cửa Lớn,TT. Năm Căn,Năm Căn,28,7.3,4.0,19,25,122.0,0.03,0.59,1.34,0.08,21.0,250.0,9.9,5.525452939131784,2023,10,12,1,1,1,2
Sông Rạch Gốc,Tân Ân ,Ngọc Hiển,28,7.4,4.0,25,15,95.0,0.02,0.4,0.88,0.0,20.0,9.9,9.9,2.388762789235098,2023,7,6,0,0,1,1
Sông Nhưng Miên,Viên An Đông ,Ngọc Hiển,28,8.0,5.0,28,30,122.0,0.0,0.62,0.08,0.18,18.0,3900.0,9.9,8.268988209506656,2025,8,14,2,2,2,2
Sông Rạch Gốc,Tân Ân ,Ngọc Hiển,28,8.4,5.0,26,20,117.0,0.015,0.294,1.66,0.046,21.0,9200.0,0.9,9.12706745278236,2024,12,12,2,2,2,2
Sông Cái Ngay,Hàng Vịnh,Năm Căn,30,7.7,4.0,21,25,126.0,0.134,0.271,1.46,0.051,20.5,5000.0,0.9,8.517393171418904,2024,8,1,2,2,2,2
Sông Cái Ngay,Hàng Vịnh,Năm Căn,27,7.0,4.0,23,25,121.0,0.16,0.89,0.11,0.06,24.0,1200.0,9.9,7.090909822079984,2025,4,9,2,2,2,2
Sông Rạch Gốc,Tân Ân ,Ngọc Hiển,28,7.8,3.5,27,20,101.0,0.01,0.12,0.28,0.13,8.14,0.9,0.9,0.6418538861723948,2022,7,5,0,0,2,2
Sông Rạch Tàu,Đất Mũi ,Ngọc Hiển,28,8.3,5.0,29,30,155.0,0.07,0.67,0.08,0.11,18.0,540.0,9.9,6.293419278846481,2025,7,31,2,2,2,2
Sông Nhưng Miên,Viên An Đông ,Ngọc Hiển,29,8.4,4.0,20,20,128.0,0.0,0.52,0.69,0.0,20.0,220.0,9.9,5.3981627015177525,2023,8,24,1,1,2,1
Sông Cái Ngay,Hàng Vịnh,Năm Căn,27,7.6,4.0,22,25,127.5,0.9,1.95,1.47,0.2,27.0,9.9,9.9,2.388762789235098,2023,6,29,0,0,1,2
Sông Nhưng Miên,Viên An Đông ,Ngọc Hiển,26,7.4,4.0,16,15,126.0,0.188,0.524,1.46,0.074,26.2,10000.0,0.9,9.210440366976515,2024,10,10,2,2,1,2
Sông Rạch Gốc,Tân Ân ,Ngọc Hiển,28,8.1,3.0,22,20,89.2,0.192,0.328,0.997,0.107,25.5,120000.0,0.9,11.695255355062796,2024,8,8,2,2,1,2
Sông Rạch Gốc,Tân Ân ,Ngọc Hiển,28,8.3,4.0,22,25,108.0,0.03,0.47,0.71,0.0,25.0,9.9,9.9,2.388762789235098,2023,11,23,0,0,2,2
Sông Cái Ngay,Hàng Vịnh,Năm Căn,29,7.9,5.0,32,25,113.0,0.015,0.068,0.262,0.112,9.27,10000.0,0.9,9.210440366976515,2024,6,13,2,2,2,2
Sông Cửa Lớn ,Lâm Hải ,Năm Căn,27,8.0,4.0,25,15,115.0,0.02,0.25,0.36,0.08,13.8,36.0,0.9,3.610917912644224,2022,10,25,0,0,1,2
Sông Nhưng Miên,Viên An Đông ,Ngọc Hiển,29,7.7,4.5,24,25,107.0,0.004,0.226,0.269,0.0,10.8,0.9,0.9,0.6418538861723948,2022,8,11,0,0,2,2
Sông Cái Ngay,Hàng Vịnh,Năm Căn,27,7.8,3.5,20,25,122.0,0.128,0.253,1.24,0.048,21.2,860000.0,0.9,13.664688831019712,2024,8,8,2,2,1,2
Sông Rạch Gốc,Sông Rạch Gốc,Ngọc Hiển,28,7.8,4.0,26,20,113.0,0.32,0.19,0.15,0.16,9.27,0.9,0.9,0.6418538861723948,2022,7,26,0,0,2,2
Sông Cửa Lớn,TT. Năm Căn,Năm Căn,27,7.0,3.0,14,15,105.0,0.157,0.253,0.368,0.153,30.3,21000.0,0.9,9.952325334619427,2024,9,12,2,2,0,2
Sông Cái Ngay,Hàng Vịnh,Năm Căn,26,7.2,4.0,25,30,119.0,0.07,0.76,0.14,0.06,22.0,2200.0,9.9,7.696667081526462,2025,8,21,2,2,2,2
Sông Rạch Tàu,Đất Mũi ,Ngọc Hiển,28,7.8,3.5,21,25,77.4,0.038,0.25,0.788,0.031,25.5,11000.0,0.9,9.305741456739437,2024,7,18,2,2,1,2
Sông Rạch Tàu,Đất Mũi ,Ngọc Hiển,29,8.0,4.0,26,25,138.0,0.083,0.19,0.34,0.07,8.46,0.9,0.9,0.6418538861723948,2022,8,9,0,0,2,2
Sông Rạch Gốc,Tân Ân ,Ngọc Hiển,27,7.8,3.5,26,25,147.5,0.86,2.01,1.07,0.2,26.0,9.9,9.9,2.388762789235098,2023,6,29,0,0,1,2
Sông Cái Ngay,Hàng Vịnh,Năm Căn,29,8.0,4.0,25,25,143.0,0.071,0.23,0.21,0.1,10.3,0.9,0.9,0.6418538861723948,2022,8,9,0,0,2,2
Sông Nhưng Miên,Viên An Đông ,Ngọc Hiển,30,7.8,5.0,25,30,120.0,0.023,0.28,0.29,0.08,13.5,0.9,0.9,0.6418538861723948,2022,10,25,0,0,2,2
Sông Cửa Lớn ,Lâm Hải ,Năm Căn,29,8.2,3.5,20,20,131.0,0.06,0.66,1.71,0.07,25.0,270.0,9.9,5.602118820879701,2023,11,2,1,1,1,2
Sông Cái Ngay,Hàng Vịnh,Năm Căn,26,6.9,3.5,15,20,123.0,0.317,0.569,1.43,0.062,24.3,3100.0,0.9,8.03947991910045,2024,9,26,2,2,1,2
Sông Nhưng Miên,Viên An Đông ,Ngọc Hiển,29,8.0,4.0,20,15,104.0,0.0,0.46,1.08,0.07,23.0,9.9,9.9,2.388762789235098,2023,9,28,0,0,1,2
Sông Rạch Gốc,Tân Ân ,Ngọc Hiển,28,7.7,3.0,26,20,105.0,0.021,0.26,0.48,0.06,13.8,45.0,0.9,3.828641396489095,2022,10,25,0,0,1,2
Sông Rạch Tàu,Đất Mũi ,Ngọc Hiển,28,7.7,5.0,20,20,86.3,0.086,0.122,0.905,0.132,23.3,200000.0,0.9,12.206077645517674,2024,8,8,2,2,2,2
Sông Nhưng Miên,Viên An Đông ,Ngọc Hiển,28,7.2,4.0,20,20,78.0,0.17,0.6,1.51,0.16,29.0,680.0,9.9,6.523562306149512,2023,10,5,2,2,1,2
Sông Cửa Lớn ,Lâm Hải ,Năm Căn,26,7.3,4.5,23,20,117.0,0.63,0.87,0.39,0.32,18.0,9.9,9.9,2.388762789235098,2023,7,6,0,0,1,2
Sông Cái Ngay,Hàng Vịnh,Năm Căn,28,7.8,4.0,29,20,125.0,0.02,0.9,0.23,0.0,22.0,2200.0,9.9,7.696667081526462,2023,6,8,2,2,2,1
Sông Cái Ngay,Hàng Vịnh,Năm Căn,30,7.8,5.0,27,25,117.0,0.087,0.216,1.21,0.036,10.6,26000.0,0.9,10.165890277802454,2024,6,27,2,2,2,2
Sông Nhưng Miên,Viên An Đông ,Ngọc Hiển,27,8.1,4.0,20,20,73.0,0.0,0.58,0.38,0.0,18.0,9.9,9.9,2.388762789235098,2023,8,31,0,0,1,1
Sông Rạch Tàu,Đất Mũi ,Ngọc Hiển,28,6.7,4.0,16,20,101.0,0.178,0.274,1.63,0.079,24.4,10000.0,0.9,9.210440366976515,2024,9,19,2,2,1,2
Sông Nhưng Miên,Viên An Đông ,Ngọc Hiển,28,8.5,4.0,22,25,98.0,0.03,0.43,0.88,0.06,24.0,40.0,9.9,3.713572066704308,2023,11,23,0,0,2,2
Sông Nhưng Miên,Viên An Đông ,Ngọc Hiển,27,7.8,4.0,21,20,146.5,0.17,1.06,1.48,0.49,22.0,200.0,9.9,5.303304908059076,2023,7,13,1,1,2,2
Sông Rạch Tàu,Đất Mũi ,Ngọc Hiển,28,8.0,5.0,29,25,119.0,0.08,0.78,0.14,0.0,22.0,3800.0,9.9,8.24301946898925,2025,7,3,2,2,2,2
Sông Rạch Tàu,Đất Mũi ,Ngọc Hiển,27,8.3,4.0,22,20,79.0,0.25,1.13,1.64,0.28,24.0,9.9,9.9,2.388762789235098,2023,9,14,0,0,1,2
Sông Cửa Lớn ,Lâm Hải ,Năm Căn,28,7.4,3.5,24,20,172.0,0.116,0.24,1.05,0.331,11.2,0.9,0.9,0.6418538861723948,2022,11,22,0,0,1,2
Sông Cửa Lớn,TT. Năm Căn,Năm Căn,28,8.1,3.0,19,20,109.0,0.125,0.347,0.627,0.059,25.9,1300.0,0.9,7.170888478512505,2024,11,14,2,2,1,2
Sông Cửa Lớn ,Lâm Hải ,Năm Căn,27,8.4,4.0,20,20,86.0,0.0,0.54,0.58,0.7,25.0,200.0,9.9,5.303304908059076,2023,8,24,1,1,2,1
Sông Cái Ngay,Hàng Vịnh,Năm Căn,28,7.8,3.5,22,25,112.0,0.005,0.184,0.228,0.0,10.8,0.9,0.9,0.6418538861723948,2022,8,11,0,0,2,2
Sông Cái Ngay,Hàng Vịnh,Năm Căn,29,7.6,4.0,18,20,87.0,0.02,0.56,0.77,0.12,20.0,9.9,9.9,2.388762789235098,2023,9,7,0,0,2,2
Sông Nhưng Miên,Viên An Đông ,Ngọc Hiển,29,7.8,5.0,30,25,117.5,0.0,0.84,0.26,0.0,28.0,1300.0,9.9,7.170888478512505,2023,6,8,2,2,2,2
Sông Cửa Lớn ,Lâm Hải ,Năm Căn,29,7.6,4.5,17,20,101.0,0.057,0.544,0.611,0.0,8.46,7000.0,0.9,8.853808274977197,2024,8,15,2,2,2,1
Sông Nhưng Miên,Viên An Đông ,Ngọc Hiển,27,8.0,5.0,19,20,125.0,0.03,0.62,1.21,0.06,18.0,150.0,9.9,5.017279836814924,2023,10,26,1,1,2,2
Sông Cửa Lớn,TT. Năm Căn,Năm Căn,29,7.9,3.5,18,25,101.0,0.157,0.241,0.966,0.062,24.1,270000.0,0.9,12.506180941677355,2024,8,8,2,2,1,2
Sông Rạch Gốc,Tân Ân ,Ngọc Hiển,27,7.5,4.0,25,15,110.0,0.11,0.17,0.28,0.14,13.0,0.9,0.9,0.6418538861723948,2022,10,11,0,0,2,2
Sông Cửa Lớn ,Lâm Hải ,Năm Căn,27,7.5,5.0,27,20,123.0,0.06,0.89,0.38,0.26,21.0,680.0,9.9,6.523562306149512,2025,7,17,2,2,2,2
Sông Cái Ngay,Hàng Vịnh,Năm Căn,28,8.3,4.0,23,25,156.0,0.544,0.73,1.67,0.24,28.8,320.0,0.9,5.771441123130016,2022,8,30,1,1,1,2
Sông Nhưng Miên,Viên An Đông ,Ngọc Hiển,28,8.5,4.0,29,30,145.0,0.05,0.64,0.12,0.12,14.0,6200.0,9.9,8.732465848349879,2025,7,31,2,2,2,2
Sông Nhưng Miên,Viên An Đông ,Ngọc Hiển,28,7.1,3.5,23,25,133.0,0.115,0.189,1.23,0.195,12.5,0.9,0.9,0.6418538861723948,2022,11,22,0,0,1,2
Sông Cái Ngay,Hàng Vịnh,Năm Căn,29,7.6,3.0,21,25,151.0,0.122,0.16,0.28,0.14,11.9,0.9,0.9,0.6418538861723948,2022,9,20,0,0,2,2
Sông Cái Ngay,Hàng Vịnh,Năm Căn,27,8.0,5.0,28,25,123.0,0.09,0.95,0.08,0.14,16.0,100.0,9.9,4.61512051684126,2025,7,31,1,1,2,2
Sông Rạch Tàu,Đất Mũi ,Ngọc Hiển,27,7.4,3.5,25,25,125.0,0.108,0.16,0.31,0.12,11.1,0.9,0.9,0.6418538861723948,2022,4,10,0,0,1,2
Sông Cái Ngay,Hàng Vịnh,Năm Căn,27,7.8,5.0,27,30,127.5,0.08,0.81,0.11,0.0,21.0,180.0,9.9,5.198497031265826,2025,7,10,1,1,2,2
Sông Rạch Tàu,Đất Mũi ,Ngọc Hiển,28,7.7,3.5,19,20,106.0,0.019,0.352,0.572,0.0,10.4,31000.0,0.9,10.34177474101152,2024,8,15,2,2,1,1
Sông Nhưng Miên,Viên An Đông ,Ngọc Hiển,28,7.2,4.0,24,20,133.0,0.11,0.17,0.27,0.12,10.1,0.9,0.9,0.6418538861723948,2022,4,10,0,0,2,2
Sông Cửa Lớn ,Lâm Hải ,Năm Căn,28,7.6,5.0,18,15,89.2,0.088,0.179,1.15,0.121,20.8,65000.0,0.9,11.082157933374816,2024,8,8,2,2,1,2
Sông Cửa Lớn,TT. Năm Căn,Năm Căn,28,7.3,4.0,19,25,112.0,0.14,0.62,1.12,0.2,27.0,410.0,9.9,6.018593214496234,2023,10,5,2,2,1,2
Sông Cái Ngay,Hàng Vịnh,Năm Căn,27,7.5,4.0,24,30,127.0,0.03,0.95,0.0,0.0,16.0,3500.0,9.9,8.160803920954665,2025,9,25,2,2,2,2
Sông Cửa Lớn ,Lâm Hải ,Năm Căn,27,8.0,4.5,28,25,152.5,0.6,1.58,2.24,0.14,23.0,9.9,9.9,2.388762789235098,2023,6,22,0,0,1,2
Sông Nhưng Miên,Viên An Đông ,Ngọc Hiển,30,8.0,3.5,26,20,133.0,0.023,0.392,0.548,0.023,12.2,9000.0,0.9,9.105090961257083,2024,7,4,2,2,1,1
Sông Cái Ngay,Hàng Vịnh,Năm Căn,27,8.0,4.0,18,20,55.0,0.04,0.62,0.43,0.0,21.0,9.9,9.9,2.388762789235098,2023,8,31,0,0,1,1
Sông Nhưng Miên,Viên An Đông ,Ngọc Hiển,29,7.9,4.0,23,20,130.0,0.148,0.2,0.28,0.15,10.9,0.9,0.9,0.6418538861723948,2022,9,13,0,0,2,2
Sông Rạch Tàu,Đất Mũi ,Ngọc Hiển,29,8.4,5.0,25,25,106.0,0.026,0.17,0.783,0.038,21.3,5100.0,0.9,8.537191877922927,2024,12,12,2,2,2,2
Sông Cửa Lớn ,Lâm Hải ,Năm Căn,27,7.4,4.0,21,25,85.0,0.06,0.74,0.73,0.1,18.0,9.9,9.9,2.388762789235098,2023,7,19,0,0,1,2
Sông Rạch Gốc,Tân Ân ,Ngọc Hiển,29,8.1,5.0,24,15,138.0,0.378,0.42,0.34,0.15,13.7,0.9,0.9,0.6418538861723948,2022,8,23,0,0,1,2
Sông Rạch Gốc,Tân Ân ,Ngọc Hiển,28,8.4,4.0,29,25,121.0,0.06,0.66,0.09,0.1,15.0,1100.0,9.9,7.00397413672268,2025,7,31,2,2,2,2
Sông Cái Ngay,Hàng Vịnh,Năm Căn,27,8.5,4.0,22,20,93.0,0.03,0.45,0.91,0.06,20.0,50.0,9.9,3.9318256327243257,2023,11,23,0,0,2,2
Sông Rạch Gốc,Tân Ân ,Ngọc Hiển,29,8.6,3.0,22,15,104.0,0.1,0.86,0.69,0.0,24.0,150.0,9.9,5.017279836814924,2023,8,3,1,1,1,1
Sông Rạch Gốc,Sông Rạch Gốc,Ngọc Hiển,28,7.8,3.5,26,15,106.0,0.017,0.14,0.57,0.13,20.3,0.9,0.9,0.6418538861723948,2023,7,12,0,0,1,2
Sông Cửa Lớn,TT. Năm Căn,Năm Căn,28,7.8,3.5,24,25,118.0,0.02,0.22,0.4,0.06,14.1,42.0,0.9,3.7612001156935615,2022,10,25,0,0,1,2
Sông Cái Ngay,Hàng Vịnh,Năm Căn,28,8.0,3.5,20,20,119.0,0.09,0.55,1.17,0.22,30.0,1500.0,9.9,7.313886831633462,2023,10,5,2,2,1,2
Sông Rạch Gốc,Tân Ân ,Ngọc Hiển,28,7.9,5.0,29,20,125.0,0.52,1.97,2.0,0.12,41.0,9.9,9.9,2.388762789235098,2023,6,22,0,0,1,1
Sông Cửa Lớn,TT. Năm Căn,Năm Căn,27,8.3,4.0,19,25,110.0,0.71,1.72,0.73,0.74,24.0,1400.0,9.9,7.244941546337007,2023,8,24,2,2,1,1
Sông Rạch Gốc,Tân Ân ,Ngọc Hiển,28,8.5,5.0,23,20,111.0,0.069,0.283,1.24,0.073,22.8,2000.0,0.9,7.601402334583733,2024,11,29,2,2,2,2
Sông Rạch Tàu,Đất Mũi ,Ngọc Hiển,27,8.0,5.0,20,20,88.6,0.177,0.345,0.621,0.047,16.1,4300.0,0.9,8.366602832783736,2024,11,6,2,2,2,2
Sông Cái Ngay,Hàng Vịnh,Năm Căn,28,8.4,4.0,21,20,121.0,0.163,0.325,0.747,0.043,21.9,32000.0,0.9,10.373522431293592,2024,12,6,2,2,2,2
Sông Rạch Gốc,Tân Ân ,Ngọc Hiển,27,8.2,4.0,22,15,109.0,0.17,0.89,0.63,0.08,30.0,9.9,9.9,2.388762789235098,2023,10,19,0,0,1,2
Sông Nhưng Miên,Viên An Đông ,Ngọc Hiển,26,7.2,4.0,17,20,114.0,0.366,0.551,2.16,0.083,24.9,170000.0,0.9,12.04355959836804,2023,10,3,2,2,1,2
Sông Cửa Lớn ,Lâm Hải ,Năm Căn,29,7.9,3.5,20,25,101.0,0.1,0.67,1.1,0.06,17.0,3400.0,9.9,8.131824785007195,2023,11,9,2,2,1,2
Sông Nhưng Miên,Viên An Đông ,Ngọc Hiển,26,7.0,5.0,16,20,109.0,0.192,0.384,1.09,0.043,25.9,17000.0,0.9,9.741027444837728,2024,9,19,2,2,1,2
Sông Cửa Lớn,TT. Năm Căn,Năm Căn,28,7.6,4.0,22,25,135.0,0.142,0.16,0.31,0.17,14.8,0.9,0.9,0.6418538861723948,2022,9,13,0,0,2,2
Sông Cửa Lớn ,Lâm Hải ,Năm Căn,28,8.4,3.5,20,20,116.0,0.03,0.59,1.22,0.0,20.0,700.0,9.9,6.55250788703459,2023,9,21,2,2,1,1
Sông Rạch Tàu,Đất Mũi ,Ngọc Hiển,27,7.5,4.0,25,25,136.0,0.12,0.74,0.0,0.07,32.0,830.0,9.9,6.7226297948554485,2025,8,28,2,2,2,2
Sông Rạch Tàu,Đất Mũi ,Ngọc Hiển,29,7.5,4.0,23,25,148.0,0.13,0.18,0.28,0.12,10.6,26.0,0.9,3.295836866004329,2022,9,20,0,0,2,2
Sông Cái Ngay,Hàng Vịnh,Năm Căn,29,7.9,5.0,16,20,126.0,0.146,0.566,1.05,0.084,18.2,14000.0,0.9,9.546884034617923,2024,10,30,2,2,2,2
Sông Cửa Lớn,TT. Năm Căn,Năm Căn,29,8.0,5.0,25,20,114.0,0.081,0.456,0.606,0.021,12.4,33000.0,0.9,10.404293143019792,2024,7,4,2,2,2,1
Sông Rạch Gốc,Tân Ân ,Ngọc Hiển,27,7.2,5.0,29,15,119.0,0.124,0.429,1.61,0.094,24.6,9000.0,0.9,9.105090961257083,2024,8,29,2,2,1,2
Sông Rạch Tàu,Đất Mũi ,Ngọc Hiển,28,7.1,2.5,15,20,113.0,0.259,0.722,1.02,0.078,25.7,8900.0,0.9,9.093918908958932,2024,10,10,2,2,1,1
Sông Cửa Lớn ,Lâm Hải ,Năm Căn,29,7.8,4.5,22,25,115.0,0.0,0.78,0.82,0.24,24.0,400.0,9.9,5.993961427306569,2023,7,13,1,1,2,2
Sông Nhưng Miên,Viên An Đông ,Ngọc Hiển,28,8.0,4.0,24,20,136.0,0.037,0.2,0.32,0.19,9.76,54.0,0.9,4.007333185232471,2022,8,16,1,1,2,2
Sông Cửa Lớn ,Lâm Hải ,Năm Căn,28,7.2,3.5,14,20,119.0,0.376,0.453,1.38,0.056,27.7,8100.0,0.9,8.999742789830492,2024,10,10,2,2,1,2
